,agent0_giraffe,agent1_giraffe,agent2_giraffe
0,0.25,0.0729166666666666,0.0520833333333333
1,0.1354166666666666,0.2291666666666666,0.0625
2,0.3854166666666667,0.0520833333333333,0.0104166666666666
3,0.1458333333333333,0.03125,0.0625
4,0.34375,0.03125,0.0
5,0.1770833333333333,0.0,0.0
6,0.1770833333333333,0.15625,0.1458333333333333
7,0.25,0.125,0.15625
8,0.2083333333333333,0.03125,0.0208333333333333
9,0.1875,0.0104166666666666,0.020833333333333332
