,agent0_elephant,agent1_elephant
0,0.5,0.0833333333333333
1,0.4583333333333333,0.0
2,0.375,0.125
3,0.4583333333333333,
