,agent0_giraffe,agent1_giraffe,agent2_giraffe
0,0.0208333333333333,0.03125,0.0625
1,0.0208333333333333,0.09375,0.1145833333333333
2,0.03125,0.0104166666666666,0.0104166666666666
3,0.0208333333333333,0.0,0.0
4,0.0208333333333333,0.03125,0.0
5,0.0,0.03125,0.0416666666666666
6,0.0,0.09375,0.0
7,0.0416666666666666,0.0,0.0
8,0.0104166666666666,0.1770833333333333,0.0
9,0.0208333333333333,0.0104166666666666,0.020833333333333332
