,agent0_giraffe,agent1_giraffe
0,0.5833333333333334,0.9583333333333334
1,0.625,0.9166666666666666
2,0.4166666666666667,0.875
3,0.5833333333333334,0.9583333333333334
4,0.5,
