,agent0_giraffe,agent1_giraffe,agent2_giraffe
0,0.2083333333333333,0.0833333333333333,0.1770833333333333
1,0.0520833333333333,0.0520833333333333,0.3229166666666667
2,0.1875,0.0,0.0104166666666666
3,0.21875,0.1458333333333333,0.0104166666666666
4,0.1145833333333333,0.4270833333333333,0.0
5,0.0,0.03125,0.0104166666666666
6,0.15625,0.25,0.28125
7,0.1666666666666666,0.1979166666666666,0.0
8,0.125,0.3958333333333333,0.2291666666666666
9,0.125,0.0,0.0
