,agent0_giraffe,agent1_giraffe,agent2_giraffe
0,0.0,0.0104166666666666,0.0208333333333333
1,0.0,0.0208333333333333,0.0520833333333333
2,0.0208333333333333,0.09375,0.0520833333333333
3,0.0416666666666666,0.0,0.0
4,0.0208333333333333,0.0,0.0416666666666666
5,0.0208333333333333,0.0208333333333333,0.0625
6,0.03125,0.0,0.0729166666666666
7,0.0104166666666666,0.0729166666666666,0.125
8,0.0416666666666666,0.1041666666666666,0.0104166666666666
9,0.0104166666666666,0.0625,0.010416666666666666
