,agent0_giraffe,agent1_giraffe
0,0.0416666666666666,0.7291666666666666
1,0.0416666666666666,0.6666666666666666
2,0.0416666666666666,0.5416666666666666
3,0.125,0.5
4,0.0,0.625
5,0.0833333333333333,0.5
6,0.0833333333333333,0.7083333333333334
7,0.0,0.625
8,0.125,0.2552083333333333
9,0.0416666666666666,0.041666666666666664
