,agent0_kangaroo,agent1_kangaroo,agent2_kangaroo
0,0.0104166666666666,0.03125,0.0
1,0.0416666666666666,0.03125,0.0208333333333333
2,0.0208333333333333,0.03125,0.0104166666666666
3,0.0104166666666666,0.03125,0.03125
4,0.0,0.0208333333333333,0.0
5,0.0104166666666666,0.0104166666666666,0.0
6,0.0,0.0208333333333333,0.0416666666666666
7,0.0,0.0416666666666666,0.1666666666666666
8,0.0104166666666666,0.0,0.0
9,0.0104166666666666,0.0520833333333333,0.020833333333333332
