,agent0_giraffe,agent1_giraffe,agent2_giraffe
0,0.0625,0.0208333333333333,0.0
1,0.0208333333333333,0.0,0.0
2,0.0625,0.0,0.0104166666666666
3,0.0416666666666666,0.03125,0.125
4,0.0,0.0729166666666666,0.0
5,0.0625,0.0208333333333333,0.0
6,0.03125,0.0416666666666666,0.0
7,0.0729166666666666,0.0,0.0104166666666666
8,0.0416666666666666,0.0104166666666666,0.0
9,0.0625,0.0,0.010416666666666666
